538-28-3,C8H11ClN2S
96989-50-3,C11H8N2O2S
56-69-9,C11H12N2O3
304858-67-1,C7H5BFNO2
156-41-2,C8H10ClN
33332-29-5,C4H4ClN3
59-88-1,C6H9ClN2
18511-62-1,C8H7FO
93-48-1,C9H13N
623-17-6,C7H8O3
635-21-2,C7H6ClNO2
74-39-5,C12H9N3O4
113028-17-4,C18H20FN3O3S
121032-29-9,C11H15N5O5
19604-05-8,C4H6N3Na2O4P
75481-73-1,C16H21N7O7S3
843-55-0,C18H20O2
6131-99-3,C2H12AsNaO5
13728-34-2,C14H12O4
3068-88-0,C4H6O2
3378-72-1,C11H17N
823-96-1,C3H9B3O3
141776-91-2,C7H5BrF2
141774-61-0,C11H22N2O2
110683-22-2,C10H7N5O2
25316-40-9,C27H30ClNO11
23761-23-1,C5H6O3
6850-28-8,C16H31N3O13
54773-19-2,C7H3Cl2F3
1712-70-5,C9H9Cl
2737-22-6,C7H3Br3O2
14464-32-5,C22H39NO4
10101-53-8,Cr2O12S3
51953-18-5,C4H4N2O
132664-85-8,C6H9N3
117391-52-3,C11H15NO2
5446-18-4,C6H7Cl3N2
621-42-1,C8H9NO2
19099-93-5,C13H15NO3
223463-13-6,C5H3BrIN
576-55-6,C7H4Br4O
726-25-0,C14H14N2S
112809-25-3,C10H8N4
811-98-3,CD4O
86375-28-2,C11H22N2
78281-72-8,C15H14N2O2
207974-20-7,C10H8F4O
15045-43-9,C8H16O
10378-47-9,CeH20N4O18S4
104458-24-4,C3H10ClNO2S
27465-51-6,C11H14O
33898-90-7,C7H5NOS
128-97-2,C14H8O8
383127-25-1,C8H11NO
163702-05-4,C6H5F9O
18037-10-0,C10H21N3OSi2
127733-40-8,C10H10ClF6N
2657-87-6,C12H12N2O
458532-84-8,C11H17BClNO3
618-80-4,C6H3Cl2NO3
478296-72-9,C16H27NO6
7464-14-4,C6H6N2O3
89-69-0,C6H2Cl3NO2
452-14-2,C9H9FO3
693-16-3,C8H19N
61830-21-5,C6H7BrN2O2S
1314-41-6,OPb
2396-65-8,C9H12
754-96-1,C10H6F16O2
175278-33-8,C7H5BrF2O
56860-82-3,C4H2Cl2F6O
105-50-0,C9H14O5
324763-51-1,C5H12N2O
381233-96-1,C5H4BrIN2
51762-67-5,C8H3N3O2
2380-78-1,C9H12O3
961-11-5,C10H9Cl4O4P
41085-43-2,C7H6BrNO2
98-52-2,C10H20O
26750-81-2,C13H17NO4
1083-30-3,C15H14O
1120-01-0,C16H33NaO4S
592-85-8,C2HgN2S2
90090-64-5,C8H11NS
175204-90-7,C8H6F3NO3
554-07-4,C2AuKN2
261944-56-3,C7H4F5N
68302-10-3,C13H6ClN3O2
47250-53-3,C15H12F6N2
36725-28-7,C11H13N3O
1912-28-3,C6H13NO4S
935-30-8,C8H15NO
460-43-5,C3H5F3O
14794-31-1,C6H9ClO3
24631-29-6,C10H14N2O4
4343-75-3,C2H4N4S
101-94-0,C15H14O2
446-09-3,C6H3BrFNO2
2133-34-8,C4H7NO2
24292-60-2,C21H26N7Na2O17P3
863-57-0,C26H42NNaO6
776-41-0,C11H11NO2
7718-54-9,Cl2Ni
71759-89-2,C3H3IN2
94461-44-6,C16H25NO4
148893-10-1,C10H16F6N6OP
5345-47-1,C6H6N2O2
68214-07-3,C19H43NO4S
88-45-9,C6H8N2O3S
74283-34-4,C6H10N2O5S
60832-72-6,C6H4N2O2
3332-29-4,C2H8ClNO
27817-67-0,C6H12S
13478-33-6,Cl2CoH12O14
1693-86-3,C10H16S
5926-26-1,C4H11ClO3Si
424-40-8,C9H10F6O4
1315-07-7,SeSr
175135-32-7,C9H6F2N2S
14452-57-4,MgO2-2
1592-23-0,C36H70CaO4
155213-67-5,C4H5NOS
51064-65-4,C21H26O8S2
1075-89-4,C9H13NO2
3088-41-3,C8H14N2
20665-85-4,C12H14O4
252990-05-9,C11H20N2O4
1701-26-4,C11H7ClF3N
3164-34-9,C4H4CaO6
6609-56-9,C8H7NO
165727-45-7,C15H22ClNO3
2783-17-7,C12H28N2
5574-97-0,C48H108N3O4P
94-67-7,C7H7NO2
269410-24-4,C14H20BNO3
7790-86-5,CeCl3
2216-52-6,C10H20O
73096-42-1,C7H5BrN4
34312-77-1,C6H5NO2S
3096-81-9,C13H9NO
593-71-5,CH2ClI
97165-77-0,C7H3Br2N
49711-55-9,C11H7NO4
52938-97-3,C11H8O3
7116-96-3,C17H20
2415-85-2,C11H13NO2
63721-05-1,C8H14O2
62720-29-0,C6H2Br2FI
98-87-3,C7H6Cl2
7789-78-8,Ca
494-52-0,C10H14N2
22031-33-0,C13H16N2O2
78-26-2,C7H16O2
13431-36-2,C4H11N3S
164670-44-4,C6H7N3S
77-49-6,C4H9NO4
5378-49-4,CH3N5
66514-99-6,C10H12ClNO2
20605-41-8,C3H8N2O2
1122-71-0,C7H9NO
26447-85-8,C11H10O3S2
25384-14-9,C8H10ClNO
51417-51-7,C8H6BrN
32324-19-9,C8H7NO3S
26074-52-2,C4H6Br2O
18527-21-4,C8H6FNS
38465-60-0,B2CuF8
289038-17-1,C9H6BrFO2
51315-07-2,C6H3N3O2
2528-16-7,C15H12O4
69478-77-9,C6H14N2
4712-55-4,C12H11O3P
20289-44-5,C5H5N5
2313-87-3,C14H17ClN4O
17480-69-2,C15H17N
2043-55-2,C6H4F9I
36051-68-0,C9H14N3Na2O14P3
103262-35-7,C9H10O2
5468-75-7,C34H30Cl2N6O4
4253-34-3,C7H12O6Si
1120-28-1,C21H42O2
13547-70-1,C6H11ClO
303-98-0,C59H90O4
131980-29-5,C14H18N2O6
170981-26-7,C7H8BFO2
561-20-6,C21H21N3O7
3012-65-5,C6H14N2O7
2037-26-5,C7D8
32832-01-2,C34H48Cl2O2
256642-28-1,C7H10N2O2
74938-88-8,C8H10ClFN2O2S
39373-27-8,H10O8Rh2
92828-64-3,C16H21NO6
230295-09-7,C7H6F3N
13901-10-5,C5H2Cl2N2O2
30955-94-3,C6H5IOS
82652-12-8,C8H13ClN2O2S
542-56-3,C4H9NO2
1700-10-3,C8H12
654-99-9,C8H4F4O2
29973-13-5,C11H15NO2S
6628-68-8,C15H20O4
114872-98-9,C9H9Cl2NO2
91983-14-1,C7H8BBrO2
57946-56-2,C6H5ClFN
159275-17-9,C14H18BrNO2
50743-18-5,C11H7NO2
30992-29-1,C9H17NO4
128-03-0,C3H6KNS2
124-48-1,CHBr2Cl
123-35-3,C10H16
12037-01-3,O7Tb4-2
6188-23-4,C7H5BrN2
54903-50-3,C7H9NS
117482-84-5,C7H3ClFN
7787-58-8,BiBr3
29097-12-9,C9H12N2O3
2991-28-8,C7H4F2O2
50675-18-8,C6H10O2
3108-24-5,C10H5F15O2
119-28-8,C10H9NO3S
1731-79-9,C14H26O4
67747-09-5,C15H16Cl3N3O2
6409-77-4,C14H8NNaO7S
12064-62-9,Gd2O3
1713-15-1,C12H14Cl2O3
28752-82-1,C10H10O2
89766-91-6,C4H10ClNO3
14763-60-1,C7H8O3S
161265-03-8,C39H32OP2
133831-28-4,C11H9NO3
30924-93-7,C17H23NO6
1330-20-7,C8H10
136725-53-6,C4H9ClFN
768-05-8,C5H6N4O
638-21-1,C6H7P
51803-78-2,C13H12N2O5S
552-59-0,C16H12O5
760-21-4,C6H12
1484-85-1,C9H11NO2
108957-20-6,C15H20INO4
1635-61-6,C6H5ClN2O2
452-72-2,C7H7FO
2374-14-3,C12H21F9O3Si3
91300-60-6,C15H10N2O2
53912-85-9,C6H12ClNO2
82436-77-9,C16H18N2Na2O14S2
401-77-4,C7H4Cl3F
63493-28-7,C5H13N
87344-06-7,C24H24N2O5
125643-61-0,C25H42O3
5908-81-6,C4H4BaO6
1120-97-4,C5H10O2
520-45-6,C8H8O4
63039-46-3,C10H15NO4
5396-38-3,C11H16O
75685-01-7,C22H18O2
18549-40-1,C9H16O6
584-94-1,C8H18
195447-80-4,C9H6F4O2
63038-44-8,(C6H11NO)n
68121-46-0,C7H6Cl2S
155141-29-0,C22H23N3O7S
5061-21-2,C4H5BrO2
7720-39-0,C3H5N3
33429-83-3,C17H14O7
99300-78-4,C17H28ClNO2
5238-27-7,C6H11ClO
2516-34-9,C4H9N
36476-78-5,C4H7NO2
401-56-9,C4H6ClFO2
648-53-3,C13H12
45644-21-1,C5H5ClN2
273-09-6,C6H4N2O
13195-64-7,C9H16O4
655-07-2,C7H3F3N2O5
19780-44-0,C8H18O
119-30-2,C7H5IO3
13466-41-6,C6H7NO
112-84-5,C22H43NO
34598-49-7,C9H7BrO
55031-15-7,C8H12N2
219508-62-0,C13H16N2O2
537-47-3,C7H9N3O
127-21-9,C3Cl2F4O
3344-18-1,C12H10Mg3O14
771-61-9,C6HF5O
79-19-6,CH5N3S
654-11-5,C8H6F2O2
104-31-4,C30H53NO11
36255-44-4,C5H11BrO2
67674-48-0,C10H8F6O3S
553-17-3,C8H8O4
155-04-4,C14H8N2S4Zn
13803-74-2,C7H17N.HCl
22948-06-7,C25H21N
400-93-1,C8H6FNO3
1685-33-2,C13H17NO4
24517-64-4,C6H5N3
624-51-1,C9H20O
220298-96-4,C12H18N2O2
633-96-5,C16H11N2NaO4S
16982-21-1,C4H7NO2S
17136-36-6,C9H11NO2
1121-60-4,C6H5NO
25185-95-9,C7H5Cl2NO
78537-14-1,C8H18ClNO3
2044-56-6,C12H25LiO4S
1461-15-0,C30H26N2O11
24484-22-8,C11H13FO2
6148-64-7,C5H7KO4
24120-18-1,C20H6F30O4
3524-73-0,C7H14
86-47-5,C10H6ClNO3
20780-76-1,C8H4INO2
866783-13-3,C12H18ClNO2
140462-76-6,C21H24ClNO3
147762-53-6,C24H22NO8P
5736-88-9,C11H14O2
1844-01-5,C25H20O2
19064-64-3,C5H4Cl2N2
19509-11-6,C11H16N2
673-84-7,C10H16
80-08-0,C12H12N2O2S
1131-01-7,C10H12ClNO
175203-08-4,C10H7ClN2S
175205-84-2,C10H6ClF3N2O
138977-28-3,C19H21ClN2O2S
84-96-8,C18H22N2S
2524-03-0,C2H6ClO2PS
531-67-9,C10H20N2
1999-45-7,C12H16N2O3
150322-43-3,C20H20FNO3S
22767-90-4,C8H11F3O2
123333-55-1,C10H10N2O
6967-29-9,C12H16ClNO
51035-40-6,C11H9NO
7473-98-5,C10H12O2
1610-39-5,C18H24
117-34-0,C14H12O2
769-11-9,C6H5ClN2O2
70627-17-7,C14H10Cl2O2
64506-49-6,C27H30O6
584-20-3,C4H6F3NO2
645-12-5,C5H3NO5
117872-75-0,C26H25NO5
775-06-4,C9H11NO3
2845-78-5,C9H8BrN3
5153-25-3,C15H22O3
261723-26-6,C7H7ClFN
1715-33-9,C46H60Na2O14
81925-81-7,C8H14O
563-54-2,C3H4Cl2
377-93-5,C4Cl2F4
13194-48-4,C8H19O2PS2
619-89-6,C9H7NO4
1998-66-9,C6H2BrF4N
21324-39-0,F6NaP
35202-54-1,C11H11NO2
33513-44-9,C7H4Na2O7S2
1747-60-0,C8H8N2OS
2392-39-4,C22H28FNa2O8P
50847-11-5,C14H18N2O
142217-80-9,C53H49N5O4
2822-41-5,C6H3F3O
580-22-3,C9H8N2
59-43-8,C12H17ClN4OS
1196-69-6,C9H7NO
486460-32-6,C16H15F6N5O
202865-82-5,C9H8BrFO
24806-57-3,C10H13BF4OS
2731-73-9,C3H6ClNO2
120014-06-4,C24H29NO3
90-22-2,C19H32BrNO2
745784-12-7,C9H8BNO2
103029-74-9,C9H6N2O2
86070-82-8,C4H10ClNO
209919-30-2,C7H8BClO2
18759-96-1,C8H12N2
54512-75-3,C5H10BrCl
5676-58-4,C9H9NO
28711-29-7,C4H5N3O2
79538-20-8,C7H6F2O
79-36-7,C2HCl3O
163253-35-8,2(C19H18ClF2N3O3).3(H2O)
6065-63-0,C13H24O4
94569-84-3,C7H4BrFO
71581-92-5,C14H21NO
39835-14-8,C7H4N2O3
768-32-1,C9H14Si
815-17-8,C6H10O3
607-81-8,C14H18O4
142-31-4,C8H17NaO4S
43064-12-6,C11H14ClN
13450-92-5,Br4Ge
94-74-6,C9H9ClO3
29865-90-5,C9H10O4
1571-30-8,C10H7NO3
1979-36-8,C8H6F2O
5580-80-3,C6H3F4N
5330-98-3,C4H2ClNO2S
1575-37-7,C6H7BrN2
155206-00-1,C25H37NO4
719-60-8,C9H3F5O2
17302-82-8,C9H8Cl2O3
20651-71-2,C11H14O2
123-32-0,C6H8N2
5382-16-1,C5H11NO
39267-74-8,C4H9N5O5S
57-85-2,C22H32O3
54406-48-3,C18H25O2-
90734-97-7,C10H9NO2
68076-36-8,C9H20N2O2
49594-75-4,C12H14O3
327-62-8,C3H5KO2
589-57-1,C4H10ClO2P
1528-74-1,C12H8N2O4
100784-20-1,C13H15ClN6O7S
834-24-2,C14H13N
6342-56-9,C5H10O3
24589-78-4,C6H12F3NOSi
61924-25-2,C9H9NO
44864-47-3,C4H5F3O3
642-38-6,C7H14O6
138982-67-9,C21H22Cl2N4OS
18194-24-6,C36H72NO8P
216431-85-5,C7H3F3N2
4837-19-8,C8H6F2O3
551-08-6,C12H12O2
82500-35-4,C9H18N2O
149-91-7,C7H6O5
39212-23-2,C9H16O2
5292-42-2,C8H4F4O2
408-50-4,C7H6BrFO
6287-20-3,C8H6N2O2
994-89-8,C14H28Sn
2699-79-8,F2O2S
1676-75-1,C15H21NO5
2365-48-2,C3H6O2S
15952-70-2,C6HCl2F2NO2
532-11-6,C10H8OS3
500912-12-9,C8H6ClFO2
84994-24-1,C13H10N4O2S3
38350-87-7,C14H20O2
552-86-3,C10H8O4
207974-14-9,C6H2BrClF2O2S
145038-50-2,C21H21NO6
460-40-2,C3H3F3O
45102-52-1,C7H8F4O2
142-92-7,C8H16O2
447-31-4,C14H11ClO
1134-36-7,C12H11NO
164470-64-8,C23H19NO4
17570-26-2,C10H10O3
89415-43-0,C6H8BNO2
24032-84-6,C8H4F3NOS
121124-97-8,C8H9BO4
1501-06-0,C11H18O5
13515-97-4,C4H10ClNO2
1304-85-4,Bi5H9N4O22
3430-18-0,C6H5Br2N
2243-47-2,C12H11N
104-29-0,C9H11ClO3
20870-78-4,C8H6BrNO
488-43-7,C6H15NO5
85482-13-9,C7H5BrCl2
50262-48-1,C10H10O3
877-42-9,C10H8BrN
79561-82-3,C14H18BrNO4
678-77-3,C5Cl2F6O2
190190-50-2,C21H25NO4
50-73-7,C7H3Cl3O2
614-72-2,C8H9ClO
143979-15-1,C22H40N2O4
23743-26-2,C26H48P2
32222-06-3,C27H44O3
381721-55-7,C9H16N4
14533-63-2,C3H7NaO3S
6027-21-0,C4H9NO3
3326-32-7,C21H11NO5S
62936-23-6,C8H7ClO4
65355-30-8,C18H26O2
1080-44-0,C9H11NO4S
14925-10-1,C8H8F3N
1121-31-9,C5H5NOS
670-80-4,C10H17NO
169674-35-5,C9H5F2NO2
261762-45-2,C7H6ClF2N
3943-89-3,C9H10O4
145964-33-6,C33H25OP
33467-73-1,C7H12O2
83-66-9,C12H16N2O5
344-65-0,C7H3BrClF3
17029-22-0,AsF6K
24963-28-8,C9H7NO3
5231-96-9,C7H8N2O
27277-00-5,C9H13N5O
1003-99-2,C6H5BrFN
20-79-1,C4H9NO2
1660-93-1,C16H16N2
35854-86-5,C9H18O
61477-96-1,C23H27N5O7S
141179-72-8,C8H4F4O2
1996-69-6,C14H10F3NO4
5203-14-5,C11H13NO
311-28-4,C16H36IN
75400-67-8,C13H15NO2
188665-74-9,C13H18BNO3
7631-97-2,FNa2O3P
599-79-1,C12H11N3O4S
3363-97-1,C22H14O4
2397-00-4,C30H22N2O2
39620-04-7,C5H5ClN2
1508-65-2,C22H32ClNO3
19433-93-3,C13H20N2O2
13826-66-9,N2O7Zr
1838-08-0,C18H40ClN
1459-10-5,C20H34
604-59-1,C19H12O2
100587-94-8,H2LaN3O10
10025-69-1,Cl2H4O2Sn
72830-08-1,C8H11NO3
4966-90-9,C6H6N2O4
218608-83-4,C16H23NO4
25583-20-4,NTi
317-20-4,C8H4FNO2
58108-05-7,C7H15ClN2
99-76-3,C8H8O3
4175-77-3,C3HBr2NS
175136-84-2,C10H7FN2
100-17-4,C7H7NO3
629-76-5,C15H32O
85006-31-1,C7H9NO2S
5728-52-9,C14H12O2
32737-14-7,C7H10N2O
119192-10-8,C9H10N4
298-59-9,C14H20ClNO2
5326-39-6,C7H6INO2
1728-46-7,C10H18O
5131-66-8,C7H16O2
14273-86-0,C6H11ClO2
52509-14-5,C22H22BrO2P
151096-09-2,C21H24FN3O4
487-89-8,C9H7NO
36768-62-4,C9H20N2O3
20535-83-5,C6H8N5O2
95-89-6,C6H7ClN2
107707-33-5,C7H6Cl2N2S
5989-81-1,C12H24O12
120092-68-4,C35H38N4O6
270063-38-2,C29H25NO4
175204-35-0,C10H9F3O4
2437-25-4,C12H23N
28924-21-2,C22H20O3
5781-53-3,C3H3ClO3
6261-32-1,C17H14O
632-46-2,C9H10O2
94-13-3,C10H12O3
13530-67-1,Cr2Cs2O7
28177-69-7,C8H7NO4
3147-50-0,C7H7NO3
54408-50-3,C10H10N2
57-24-9,C21H22N2O2
5527-94-6,C7H6ClF
1611-07-0,C16H23NO
243666-11-7,C10H7F3N2
1868-80-0,C7HClF4O2
15253-89-1,C9H10Cl2N2O2
119478-56-7,C17H25N3O5S
58743-76-3,C16H15N
30693-53-9,C7H4N2O3
7516-48-5,C8H14O2S2
84322-56-5,C6F3I3
71501-16-1,C12H5KO6S
66609-04-9,C10H11NS
98437-24-2,C8H7BO3
68837-59-2,C8H7BrO2
6306-60-1,C8H5Cl2N
2065-23-8,C9H10O3
1577-22-6,C6H10O2
1665-48-1,C12H15NO3
80154-34-3,C13H16O7
58786-99-5,C25H35NO8
84806-27-9,C6H6FN3O4S
